image_id,soil_type
img_ed005410.jpg,Alluvial soil
img_0c5ecd2a.jpg,Alluvial soil
img_ed713bb5.jpg,Alluvial soil
img_12c58874.jpg,Alluvial soil
img_eff357af.jpg,Alluvial soil
img_ebbd4d97.jpeg,Alluvial soil
img_61a4be9b.jpg,Alluvial soil
img_f8ee6267.jpg,Alluvial soil
img_903747fa.jpg,Alluvial soil
img_be9dc251.jpg,Alluvial soil
img_47b2a710.jpg,Alluvial soil
img_92d7778b.jpg,Alluvial soil
img_db1d9b5f.jpg,Alluvial soil
img_6030bc4f.jpg,Alluvial soil
img_dfcfbfe0.jpg,Alluvial soil
img_74efd1ac.jpg,Alluvial soil
img_20987a8c.jpg,Alluvial soil
img_1f23d3f3.jpg,Alluvial soil
img_320c82e1.jpg,Alluvial soil
img_6d534f12.jpg,Alluvial soil
img_5f7e14bc.jpg,Alluvial soil
img_b7b6b32e.jpg,Alluvial soil
img_a2893d09.jpg,Alluvial soil
img_da891064.jpg,Alluvial soil
img_0103e659.jpg,Alluvial soil
img_49c63308.jpg,Alluvial soil
img_56176675.jpg,Alluvial soil
img_3cffd144.jpg,Alluvial soil
img_8ea3e991.jpg,Alluvial soil
img_2fc1e4a4.jpg,Alluvial soil
img_2999ea3d.jpg,Alluvial soil
img_72a35d87.jpg,Alluvial soil
img_a3cd9404.jpeg,Alluvial soil
img_99d52376.jpg,Alluvial soil
img_8e00300b.jpg,Alluvial soil
img_e7979177.jpg,Alluvial soil
img_bd81c98e.jpg,Alluvial soil
img_c0b97a33.jpg,Alluvial soil
img_9f20ddcd.jpg,Alluvial soil
img_88eeaf0f.jpeg,Alluvial soil
img_66cc627d.jpg,Alluvial soil
img_f7163b04.jpg,Alluvial soil
img_bd21a9dc.jpg,Alluvial soil
img_34712a96.jpg,Alluvial soil
img_2a199495.jpg,Alluvial soil
img_2aafb5de.jpg,Alluvial soil
img_517b6ee4.jpg,Alluvial soil
img_4f2d133c.jpg,Alluvial soil
img_b68ce75a.jpg,Alluvial soil
img_a0b46dea.jpg,Alluvial soil
img_24b7f6b2.jpg,Alluvial soil
img_73da875a.jpg,Alluvial soil
img_e8818a57.jpg,Alluvial soil
img_4029a557.jpg,Alluvial soil
img_b5f207a5.jpg,Alluvial soil
img_fe088f63.jpg,Alluvial soil
img_e38c8db0.jpg,Alluvial soil
img_f154cefb.jpg,Alluvial soil
img_a4d3c585.jpg,Alluvial soil
img_b2cc1844.jpg,Alluvial soil
img_73cd5747.jpg,Alluvial soil
img_867f4b3c.jpg,Alluvial soil
img_7e49a666.jpg,Alluvial soil
img_aea66d19.jpg,Alluvial soil
img_60c43a62.jpg,Alluvial soil
img_0899b448.jpg,Alluvial soil
img_b987b9be.jpg,Alluvial soil
img_a7aecb27.png,Alluvial soil
img_2d7d5e33.jpg,Alluvial soil
img_e8d6e178.jpg,Alluvial soil
img_f63e4a86.jpg,Alluvial soil
img_d9f81b3b.jpg,Alluvial soil
img_91b11bf4.jpg,Alluvial soil
img_fd58ac64.jpg,Alluvial soil
img_170fc6f9.jpeg,Alluvial soil
img_1308a2e5.jpg,Alluvial soil
img_cf500fd6.jpg,Alluvial soil
img_5a79b5ca.jpg,Alluvial soil
img_b0173a02.jpg,Alluvial soil
img_8a50f83d.jpg,Alluvial soil
img_af7c1eb3.jpeg,Alluvial soil
img_a7b2dc73.jpeg,Alluvial soil
img_4b51ddd1.jpg,Alluvial soil
img_2bf7adce.jpg,Alluvial soil
img_15d9bfd4.jpg,Alluvial soil
img_5f5e3e71.jpg,Alluvial soil
img_225dfa3d.jpg,Alluvial soil
img_a64ecca8.jpg,Alluvial soil
img_c124ff75.jpg,Alluvial soil
img_4103aba5.jpg,Alluvial soil
img_64625109.jpg,Alluvial soil
img_2f1f894c.jpeg,Alluvial soil
img_dacfe3f9.jpg,Alluvial soil
img_9ca2a4c6.jpg,Alluvial soil
img_2e68860c.jpg,Alluvial soil
img_dbceabbb.jpg,Alluvial soil
img_443bed6b.jpg,Alluvial soil
img_3ced2f7a.jpg,Alluvial soil
img_4c51667f.jpg,Alluvial soil
img_fdab2015.jpg,Alluvial soil
img_a5e3ad84.jpg,Alluvial soil
img_9c82187a.jpg,Alluvial soil
img_a59251a1.jpg,Alluvial soil
img_ff6782ba.jpg,Alluvial soil
img_69c38340.jpg,Alluvial soil
img_4416341a.jpg,Alluvial soil
img_cbbdc7ad.jpg,Alluvial soil
img_cd20475a.jpg,Alluvial soil
img_1f83c127.jpg,Alluvial soil
img_8dfe2fb9.jpg,Alluvial soil
img_b54a02b6.jpg,Alluvial soil
img_753484cb.jpg,Alluvial soil
img_06b5709e.jpeg,Alluvial soil
img_ce7308cf.jpg,Alluvial soil
img_33c49e58.jpg,Alluvial soil
img_257e5d1d.jpg,Alluvial soil
img_ca8da233.jpeg,Alluvial soil
img_259b4d02.jpeg,Alluvial soil
img_aa79520a.jpeg,Alluvial soil
img_9e15fafb.jpeg,Alluvial soil
img_51662dd6.jpg,Alluvial soil
img_c97f9502.jpg,Alluvial soil
img_6137a1d9.jpg,Alluvial soil
img_d8942481.jpg,Alluvial soil
img_9b801ac0.jpg,Alluvial soil
img_4bdf66f2.png,Alluvial soil
img_0e18d07a.jpg,Alluvial soil
img_2cc303a8.jpg,Alluvial soil
img_024be4cd.jpg,Alluvial soil
img_d9bdbd9b.jpg,Alluvial soil
img_1c6a8961.jpg,Alluvial soil
img_23ce4e71.jpg,Alluvial soil
img_2ca8e78e.jpg,Alluvial soil
img_9d07b1c0.jpg,Alluvial soil
img_964dcf2d.jpg,Alluvial soil
img_ffc28025.jpg,Alluvial soil
img_8163dc71.jpg,Alluvial soil
img_63e751f3.jpeg,Alluvial soil
img_65867e93.jpg,Alluvial soil
img_5f4c517a.jpg,Alluvial soil
img_8fb8851b.jpg,Alluvial soil
img_5badf3aa.jpg,Alluvial soil
img_fa69360f.jpg,Alluvial soil
img_292ece4b.jpg,Alluvial soil
img_b7e0f6f2.jpeg,Alluvial soil
img_3096ea8b.jpeg,Alluvial soil
img_2c11a1c9.jpg,Alluvial soil
img_4eab46d6.jpg,Alluvial soil
img_5b1d2962.jpg,Alluvial soil
img_5ca7728f.jpg,Alluvial soil
img_9c656df3.jpg,Alluvial soil
img_5ffec32c.jpg,Alluvial soil
img_bccd8ab1.jpg,Alluvial soil
img_fbdf8405.jpg,Alluvial soil
img_b0b6cccd.jpg,Alluvial soil
img_3ca74d52.jpg,Alluvial soil
img_45aa0e37.jpg,Alluvial soil
img_d8a70a25.jpg,Alluvial soil
img_c715fb9c.jpg,Alluvial soil
img_8cc66d4a.jpg,Alluvial soil
img_a9efd5f4.jpg,Alluvial soil
img_e57322ec.jpg,Alluvial soil
img_fe1e1a88.jpg,Alluvial soil
img_ccc166f7.jpg,Alluvial soil
img_d8b10a1f.jpg,Alluvial soil
img_1d2c640e.jpg,Alluvial soil
img_9a15a90e.jpg,Alluvial soil
img_ba18ef5d.jpg,Alluvial soil
img_b5b6db36.jpg,Alluvial soil
img_01963a95.jpg,Alluvial soil
img_10e013f4.jpg,Alluvial soil
img_6067a566.jpg,Alluvial soil
img_f3c9740d.jpg,Alluvial soil
img_d6011bf8.jpg,Alluvial soil
img_71d3def0.jpg,Alluvial soil
img_09ee8066.jpg,Alluvial soil
img_4ad24251.jpg,Alluvial soil
img_b55fed5a.jpg,Alluvial soil
img_47449a16.jpeg,Alluvial soil
img_130669fe.jpg,Alluvial soil
img_e27b8771.jpeg,Alluvial soil
img_a08e78d4.jpg,Alluvial soil
img_2b19b0b7.jpg,Alluvial soil
img_bf6d2c20.jpg,Alluvial soil
img_073f8fbe.jpg,Alluvial soil
img_563971a7.jpg,Alluvial soil
img_8dc9b604.jpg,Alluvial soil
img_1ca7f988.jpg,Alluvial soil
img_031f2102.jpg,Alluvial soil
img_d7f7bffe.jpg,Alluvial soil
img_06d5c94c.jpg,Alluvial soil
img_27538d15.jpg,Alluvial soil
img_ad52b6cc.jpg,Alluvial soil
img_26134945.jpg,Alluvial soil
img_c3c55ef0.jpg,Alluvial soil
img_16d62a08.jpg,Alluvial soil
img_0661906b.jpg,Alluvial soil
img_237590e1.jpg,Alluvial soil
img_2b33859e.jpg,Alluvial soil
img_15e92253.jpg,Alluvial soil
img_3f58332b.jpg,Alluvial soil
img_d7773fa9.jpg,Alluvial soil
img_0d17b2a6.jpg,Alluvial soil
img_d3921cdd.jpg,Alluvial soil
img_c48e6129.jpg,Alluvial soil
img_4e4a37b3.jpg,Alluvial soil
img_0f687acb.jpg,Alluvial soil
img_7cc5d67b.jpg,Alluvial soil
img_a9b72aab.jpg,Alluvial soil
img_5a6a045d.jpg,Alluvial soil
img_6f43d3da.jpg,Alluvial soil
img_075f28e6.jpg,Alluvial soil
img_3addf563.jpg,Alluvial soil
img_7b1100d9.jpg,Alluvial soil
img_e6953191.jpeg,Alluvial soil
img_216e0e1b.jpg,Alluvial soil
img_ec689f9b.jpg,Alluvial soil
img_8f28afad.jpg,Alluvial soil
img_6d30dbcf.jpg,Alluvial soil
img_be64dbc0.jpg,Alluvial soil
img_5ca5f8a0.jpg,Alluvial soil
img_f9bcc3ed.jpg,Alluvial soil
img_db8d795f.jpg,Alluvial soil
img_92c7ca4d.jpg,Alluvial soil
img_a65f109b.jpg,Alluvial soil
img_a7db8dd3.jpg,Alluvial soil
img_33ebb229.jpg,Alluvial soil
img_0cbbeb9b.jpg,Alluvial soil
img_1c4f9940.jpg,Alluvial soil
img_02885930.jpg,Alluvial soil
img_518fc85c.jpg,Alluvial soil
img_689f56d1.jpg,Alluvial soil
img_5a04776e.jpg,Alluvial soil
img_f45ae7e9.jpg,Alluvial soil
img_518247ee.jpg,Alluvial soil
img_e7632cf4.jpg,Alluvial soil
img_aaa25172.jpeg,Alluvial soil
img_0e152955.jpg,Alluvial soil
img_824ef966.jpg,Alluvial soil
img_b360edad.jpg,Alluvial soil
img_e88dbd84.jpg,Alluvial soil
img_8f248d90.jpg,Alluvial soil
img_e386963b.jpg,Alluvial soil
img_60a04a6c.jpg,Alluvial soil
img_c9dcae04.jpg,Alluvial soil
img_c8639acc.jpg,Alluvial soil
img_c9eb3b91.jpg,Alluvial soil
img_2b7c6a5c.jpg,Alluvial soil
img_387aa96b.jpg,Alluvial soil
img_138ef79b.jpg,Alluvial soil
img_8ddd57d8.jpg,Alluvial soil
img_8812a066.jpeg,Alluvial soil
img_002544b5.jpg,Alluvial soil
img_b05025c4.jpg,Alluvial soil
img_68ffce0e.jpg,Alluvial soil
img_43d2bbea.jpg,Alluvial soil
img_4882a5a0.jpg,Alluvial soil
img_869498e6.jpg,Alluvial soil
img_b904f9d2.jpg,Alluvial soil
img_8c6918a8.jpg,Alluvial soil
img_972bbe89.jpg,Alluvial soil
img_022efd91.jpg,Alluvial soil
img_f33d4c06.jpg,Alluvial soil
img_66111b24.jpg,Alluvial soil
img_a47e6ed6.jpg,Alluvial soil
img_dc9e035a.jpg,Alluvial soil
img_74a1b70a.jpg,Alluvial soil
img_a2b993b1.jpg,Alluvial soil
img_81031cb4.jpg,Alluvial soil
img_7adcab55.jpg,Alluvial soil
img_60ac2511.jpg,Alluvial soil
img_6f5b7c65.jpeg,Alluvial soil
img_0b587b7b.jpg,Alluvial soil
img_781f20a3.jpg,Alluvial soil
img_936ddfbb.jpg,Alluvial soil
img_15bb9ca2.jpg,Alluvial soil
img_39890acb.jpg,Alluvial soil
img_1859187e.jpg,Alluvial soil
img_785f382c.jpg,Alluvial soil
img_35984e09.jpg,Alluvial soil
img_3f2003f7.jpg,Alluvial soil
img_9fc28eac.jpg,Alluvial soil
img_025f35cd.jpg,Alluvial soil
img_2f974f60.jpg,Alluvial soil
img_a01912a3.jpg,Alluvial soil
img_e2efd197.jpg,Alluvial soil
img_7997d98e.jpg,Alluvial soil
img_b763e850.jpg,Alluvial soil
img_674498b7.jpg,Alluvial soil
img_b57d7db5.jpg,Alluvial soil
img_e2c89ecf.jpg,Alluvial soil
img_4060c36b.jpg,Alluvial soil
img_bcfe84c2.jpg,Alluvial soil
img_9829443e.jpg,Alluvial soil
img_41074571.jpg,Alluvial soil
img_315014e2.jpg,Alluvial soil
img_bc9dcefb.jpg,Alluvial soil
img_e9150ccd.jpg,Alluvial soil
img_820d7495.jpeg,Alluvial soil
img_1ea611d3.jpeg,Alluvial soil
img_154fff04.jpg,Alluvial soil
img_0c2b8aa0.jpg,Alluvial soil
img_7f56632f.jpg,Alluvial soil
img_d1cc8861.jpg,Alluvial soil
img_e1023174.jpg,Alluvial soil
img_200c4a39.jpg,Alluvial soil
img_305448c7.jpg,Alluvial soil
img_fd513a2a.jpg,Alluvial soil
img_a8ba7528.jpg,Alluvial soil
img_31fafc06.jpg,Alluvial soil
img_495d32c0.jpg,Alluvial soil
img_e0b83009.jpeg,Alluvial soil
img_dfb5995d.jpg,Alluvial soil
img_8e2a82d7.jpg,Alluvial soil
img_71ef82f9.jpeg,Alluvial soil
img_e3e236a0.jpg,Alluvial soil
img_106b1d91.jpg,Alluvial soil
img_07f80124.jpg,Alluvial soil
img_8d60db62.jpg,Alluvial soil
img_a8c0fdc3.jpg,Alluvial soil
img_f2c77527.jpg,Alluvial soil
img_64a623c5.jpg,Alluvial soil
img_90d77928.jpg,Alluvial soil
img_0ac4aa10.jpg,Alluvial soil
img_be4847ca.jpg,Alluvial soil
img_290db6dc.jpg,Alluvial soil
img_76386dac.jpg,Alluvial soil
img_d3fb5951.jpg,Alluvial soil
img_2b94a126.jpg,Alluvial soil
img_35c2940d.jpg,Alluvial soil
img_644957a3.jpg,Alluvial soil
img_59472b48.jpg,Alluvial soil
img_8edfafe4.jpg,Alluvial soil
img_9bf4b58d.webp,Alluvial soil
img_f867fa8f.jpg,Alluvial soil
img_0f0c1449.jpg,Alluvial soil
img_fbafc1f7.jpg,Alluvial soil
img_735bc694.jpg,Alluvial soil
img_7351b43e.jpg,Alluvial soil
img_b6ce3a90.jpg,Alluvial soil
img_24f620c9.jpg,Alluvial soil
img_cbf979bc.jpeg,Alluvial soil
img_d67490b7.jpg,Alluvial soil
img_fe7576f8.jpg,Alluvial soil
img_88e79d74.jpg,Alluvial soil
img_9fdab967.jpg,Alluvial soil
img_55f4593e.jpg,Alluvial soil
img_2f44c887.jpg,Alluvial soil
img_36c33716.jpg,Alluvial soil
img_e468b2f2.jpg,Alluvial soil
img_d4471d29.jpg,Alluvial soil
img_c821fd91.jpg,Alluvial soil
img_c586fc47.jpg,Alluvial soil
img_f41ea1cc.jpg,Alluvial soil
img_ed18cf00.jpg,Alluvial soil
img_1854e843.jpg,Alluvial soil
img_0aa847a7.jpg,Alluvial soil
img_c7cb29a8.jpg,Alluvial soil
img_9df40ed1.jpg,Alluvial soil
img_115c7321.jpg,Alluvial soil
img_eda6d1e8.jpg,Alluvial soil
img_9b72babc.jpg,Alluvial soil
img_209e8cb8.jpg,Alluvial soil
img_3c4ed833.jpeg,Alluvial soil
img_797e1114.jpg,Alluvial soil
img_00ba638b.jpg,Alluvial soil
img_5edbd608.jpg,Alluvial soil
img_45dba714.jpg,Alluvial soil
img_a242d0b0.jpg,Alluvial soil
img_7e2f417b.jpg,Alluvial soil
img_af4c9c01.jpg,Alluvial soil
img_7b6959d0.jpg,Alluvial soil
img_93a067a7.jpg,Alluvial soil
img_de83050f.jpg,Alluvial soil
img_c314f84c.jpg,Alluvial soil
img_01760b9d.jpg,Alluvial soil
img_7c487363.jpg,Alluvial soil
img_7da16b5b.jpg,Alluvial soil
img_9c32d7a4.jpg,Alluvial soil
img_fed1eec8.jpg,Alluvial soil
img_0ccd4bf1.jpg,Alluvial soil
img_9aff8fbc.jpg,Alluvial soil
img_1892ad0c.jpg,Alluvial soil
img_92463615.jpg,Alluvial soil
img_c68234a7.jpg,Alluvial soil
img_605785db.jpg,Alluvial soil
img_5facce72.jpg,Alluvial soil
img_a8286dc7.jpg,Alluvial soil
img_b04611b3.jpg,Alluvial soil
img_77f048d6.jpg,Alluvial soil
img_1223e949.jpg,Alluvial soil
img_1aac078b.jpg,Alluvial soil
img_c0a5e079.jpeg,Alluvial soil
img_8ec62d12.jpg,Alluvial soil
img_21ef01aa.jpg,Alluvial soil
img_46dd5e3c.jpg,Alluvial soil
img_6057b480.jpg,Alluvial soil
img_f5654cb3.jpg,Alluvial soil
img_d49665bb.jpg,Alluvial soil
img_a8c4ba00.jpg,Alluvial soil
img_c84c5c35.jpg,Alluvial soil
img_85ff21a9.jpg,Alluvial soil
img_b482819e.jpg,Alluvial soil
img_9f15586e.jpg,Alluvial soil
img_71187740.jpg,Alluvial soil
img_3e77505e.jpg,Alluvial soil
img_014b1e8d.jpg,Alluvial soil
img_086d7187.jpg,Alluvial soil
img_bd4a264e.jpg,Alluvial soil
img_2dd4301e.jpg,Alluvial soil
img_13deac35.jpg,Alluvial soil
img_e3f8bb1c.jpg,Alluvial soil
img_24c58c5c.jpg,Alluvial soil
img_565f9f5b.jpg,Alluvial soil
img_239b37af.jpg,Alluvial soil
img_6b138a50.jpg,Alluvial soil
img_3dc56d1b.jpg,Alluvial soil
img_91f72995.jpg,Alluvial soil
img_215a62ed.jpg,Alluvial soil
img_23645a3f.jpg,Alluvial soil
img_f7ca3381.jpg,Alluvial soil
img_2931b952.jpg,Alluvial soil
img_fb76ec77.jpg,Alluvial soil
img_434ecd71.jpg,Alluvial soil
img_e6f6e8a4.jpg,Alluvial soil
img_8796b607.jpg,Alluvial soil
img_a515ac02.jpg,Alluvial soil
img_bf673631.jpg,Alluvial soil
img_5df7b929.jpg,Alluvial soil
img_f6cda644.jpg,Alluvial soil
img_959df789.jpg,Alluvial soil
img_c5c47701.jpg,Alluvial soil
img_850f28ec.webp,Alluvial soil
img_3191e72c.jpeg,Alluvial soil
img_062b0bc4.jpg,Alluvial soil
img_7cf4631f.jpeg,Alluvial soil
img_d4323439.jpg,Alluvial soil
img_6412cbe4.jpg,Alluvial soil
img_46a9f9fe.jpeg,Alluvial soil
img_73310f32.jpg,Alluvial soil
img_f746293b.jpg,Alluvial soil
img_d6866879.jpg,Alluvial soil
img_44aeda3a.jpg,Alluvial soil
img_5f76d3f7.jpg,Alluvial soil
img_f5ddf4a3.jpg,Alluvial soil
img_268169d8.jpg,Alluvial soil
img_63b6613a.jpg,Alluvial soil
img_999260ae.jpg,Alluvial soil
img_43d9f20a.jpg,Alluvial soil
img_e5748cc9.jpg,Alluvial soil
img_69b4e568.jpg,Alluvial soil
img_b925de66.jpg,Alluvial soil
img_1d8910ac.jpg,Alluvial soil
img_317a835a.jpg,Alluvial soil
img_7a28c5f1.jpg,Alluvial soil
img_bced3fff.jpg,Alluvial soil
img_48376e2d.jpg,Alluvial soil
img_bafd9faa.jpeg,Alluvial soil
img_f82a27f6.jpg,Alluvial soil
img_9bbe75da.jpg,Alluvial soil
img_189101ce.jpg,Alluvial soil
img_741e467f.jpg,Alluvial soil
img_bf52ce39.jpeg,Alluvial soil
img_4dcd4856.jpeg,Alluvial soil
img_fe6b4f41.jpeg,Alluvial soil
img_4a4320fe.jpg,Alluvial soil
img_b54541d8.jpg,Alluvial soil
img_822740f7.jpeg,Alluvial soil
img_fc685c25.jpg,Alluvial soil
img_696095ac.jpeg,Alluvial soil
img_f2ac106b.jpg,Alluvial soil
img_4dcbcf73.jpg,Alluvial soil
img_061a20fe.jpg,Alluvial soil
img_a1abefd1.jpg,Alluvial soil
img_023fb04c.jpg,Alluvial soil
img_5cc909b5.jpg,Alluvial soil
img_5e0bb865.jpg,Alluvial soil
img_15a5b300.jpg,Alluvial soil
img_5049fe58.jpg,Alluvial soil
img_d393da7e.jpg,Alluvial soil
img_62e3d380.jpg,Alluvial soil
img_622d25fd.webp,Alluvial soil
img_88b4af41.jpg,Alluvial soil
img_0f5ba850.jpg,Alluvial soil
img_f34ddd22.jpg,Alluvial soil
img_344e94fa.jpg,Alluvial soil
img_b175d391.jpg,Alluvial soil
img_843b6516.jpg,Alluvial soil
img_761a800d.jpg,Alluvial soil
img_b427140a.jpg,Alluvial soil
img_d7dd2bda.jpg,Alluvial soil
img_7409e62f.jpg,Alluvial soil
img_f4a2da20.jpg,Alluvial soil
img_b5d939b3.jpg,Alluvial soil
img_986f7f54.jpg,Alluvial soil
img_7c387b9b.jpg,Alluvial soil
img_f5b59be0.jpg,Alluvial soil
img_c6898d07.jpg,Alluvial soil
img_595ca0ae.jpg,Alluvial soil
img_b4fad0f6.jpg,Alluvial soil
img_d2984cab.jpg,Alluvial soil
img_3791a600.jpg,Alluvial soil
img_bebf4fa0.jpeg,Alluvial soil
img_872de6ea.jpg,Alluvial soil
img_1b28b7bf.jpg,Alluvial soil
img_46964e98.jpg,Alluvial soil
img_51c52b36.jpeg,Alluvial soil
img_5a7230f8.jpg,Alluvial soil
img_96c8d19c.jpg,Alluvial soil
img_40242675.jpg,Alluvial soil
img_99a5dde4.jpg,Alluvial soil
img_6a37aecb.jpg,Alluvial soil
img_cfeb716e.jpg,Alluvial soil
img_d69ca188.jpg,Alluvial soil
img_abb86a01.jpg,Alluvial soil
img_db8e40b2.jpg,Alluvial soil
img_0fc365d6.jpg,Alluvial soil
img_8c17e653.jpg,Alluvial soil
img_e2cf3f6a.jpg,Alluvial soil
img_e9f1d910.jpeg,Alluvial soil
img_6005e33e.jpg,Alluvial soil
img_c5730878.jpg,Alluvial soil
img_d23df0b8.jpg,Alluvial soil
img_5f3c6ce8.jpg,Alluvial soil
img_8282b945.jpg,Alluvial soil
img_d40d6b95.jpg,Alluvial soil
img_cfc4e1cb.jpg,Alluvial soil
img_c38c27b0.jpg,Alluvial soil
img_dd711fab.jpg,Clay soil
img_9955ba9a.jpg,Clay soil
img_24a1cff1.jpg,Clay soil
img_ad638fd4.jpg,Clay soil
img_4a72d764.jpg,Clay soil
img_01eb27c3.jpg,Clay soil
img_d526e658.jpg,Clay soil
img_6e292ade.jpg,Clay soil
img_93066264.jpg,Clay soil
img_e25ce51a.jpg,Clay soil
img_a74c86b4.jpg,Clay soil
img_8dd872b3.jpg,Clay soil
img_6b768dfa.jpg,Clay soil
img_88952018.jpg,Clay soil
img_af7f0e99.jpg,Clay soil
img_08407cb5.jpg,Clay soil
img_0be54185.jpg,Clay soil
img_e41a5fd5.jpg,Clay soil
img_b7f6cb53.jpg,Clay soil
img_99a9bd4e.jpg,Clay soil
img_a3a990ce.jpg,Clay soil
img_f2d1608a.jpg,Clay soil
img_2dc11ca2.jpg,Clay soil
img_6b80598f.jpg,Clay soil
img_0db63c5f.jpg,Clay soil
img_bd1bb46a.jpg,Clay soil
img_ad53e33a.jpg,Clay soil
img_cc60b7b3.jpg,Clay soil
img_5b121fdc.jpeg,Clay soil
img_998db57d.jpg,Clay soil
img_78d5743e.jpg,Clay soil
img_0e952a7c.jpg,Clay soil
img_30ab8caf.jpg,Clay soil
img_79f20d22.jpg,Clay soil
img_51314f22.jpg,Clay soil
img_01b06d1b.jpg,Clay soil
img_99365056.jpg,Clay soil
img_e9e7dff7.jpg,Clay soil
img_392b2603.jpg,Clay soil
img_2b4dc3a4.jpg,Clay soil
img_27a67fd0.jpg,Clay soil
img_f57a63d9.jpg,Clay soil
img_408e943c.jpg,Clay soil
img_8dfdec2e.jpg,Clay soil
img_6c0ba90a.jpg,Clay soil
img_c78ff80d.jpg,Clay soil
img_4d9c92df.jpg,Clay soil
img_bc442ca9.jpg,Clay soil
img_1708d13c.jpg,Clay soil
img_3ae91556.jpg,Clay soil
img_ecf0d18a.jpeg,Clay soil
img_2fdb70a1.jpg,Clay soil
img_aff8fb77.jpg,Clay soil
img_60f71041.png,Clay soil
img_9b931601.jpg,Clay soil
img_8508a3c7.jpg,Clay soil
img_58a5ec96.jpg,Clay soil
img_1c7afcc5.jpg,Clay soil
img_a333a998.jpg,Clay soil
img_64d5df3c.jpg,Clay soil
img_79eb6ed5.jpg,Clay soil
img_27259a99.jpeg,Clay soil
img_0c798a36.jpg,Clay soil
img_b76d9a00.jpg,Clay soil
img_0d0c2d60.jpeg,Clay soil
img_eb163d36.jpg,Clay soil
img_0cb43d24.jpg,Clay soil
img_34f62285.jpg,Clay soil
img_b4808fe4.jpg,Clay soil
img_15c3ff99.jpg,Clay soil
img_fbb6d426.jpg,Clay soil
img_19faec58.jpg,Clay soil
img_b66133eb.jpg,Clay soil
img_2a045874.jpg,Clay soil
img_cc217d68.jpg,Clay soil
img_8cd5e2e6.jpg,Clay soil
img_032cd129.jpg,Clay soil
img_e54a5573.jpg,Clay soil
img_b5d8d088.jpg,Clay soil
img_410d5a99.jpg,Clay soil
img_005e8551.jpg,Clay soil
img_593a1f95.jpg,Clay soil
img_831af63a.png,Clay soil
img_0db3d3d1.jpg,Clay soil
img_01d3e540.jpg,Clay soil
img_f640f275.jpg,Clay soil
img_b323b54f.jpg,Clay soil
img_018a9974.jpg,Clay soil
img_748a4ae8.jpg,Clay soil
img_ce2af552.jpg,Clay soil
img_72f10347.jpg,Clay soil
img_ed35c0e2.jpg,Clay soil
img_cf9901a9.jpg,Clay soil
img_03e7da23.jpg,Clay soil
img_7dee1c6b.jpg,Clay soil
img_f5c83eb2.jpg,Clay soil
img_22b5eb9c.jpg,Clay soil
img_cef865c8.jpg,Clay soil
img_d8074f14.jpg,Clay soil
img_3b3d22d7.jpg,Clay soil
img_10ca8043.jpg,Clay soil
img_000b2d34.jpg,Clay soil
img_b31fc998.jpg,Clay soil
img_c5a5f846.jpg,Clay soil
img_ce9517c2.jpg,Clay soil
img_171e50b3.jpg,Clay soil
img_5c7b42b0.jpeg,Clay soil
img_d99e61f3.jpg,Clay soil
img_f26a8e8d.jpg,Clay soil
img_974a5fa4.jpg,Clay soil
img_f69ebb7e.jpg,Clay soil
img_379f3bcf.jpg,Clay soil
img_896343b5.jpg,Clay soil
img_5e840a03.jpg,Clay soil
img_54c7a667.jpg,Clay soil
img_2fa79cdb.jpg,Clay soil
img_f59e86d7.jpg,Clay soil
img_e21eb89b.jpg,Clay soil
img_efbaa016.jpg,Clay soil
img_99c92be8.jpg,Clay soil
img_9be88c00.jpg,Clay soil
img_945aea22.jpg,Clay soil
img_1cab6f88.jpg,Clay soil
img_a9eaebac.jpg,Clay soil
img_bc8c06e7.jpg,Clay soil
img_e7229e37.jpg,Clay soil
img_731f08fe.jpg,Clay soil
img_43c82721.jpg,Clay soil
img_3a1c7308.jpg,Clay soil
img_ef32e160.jpg,Clay soil
img_92655e16.jpg,Clay soil
img_f87deeb5.jpg,Clay soil
img_7c4cb0a9.jpg,Clay soil
img_97911f10.jpg,Clay soil
img_7dc13a0c.jpg,Clay soil
img_c390f789.jpg,Clay soil
img_15ab0d1b.jpeg,Clay soil
img_ee9c24ca.jpg,Clay soil
img_6542193f.jpg,Clay soil
img_868f6700.jpg,Clay soil
img_036baf68.jpg,Clay soil
img_053ea43d.jpg,Clay soil
img_a58543a0.jpg,Clay soil
img_b23811aa.jpg,Clay soil
img_8ab64a16.jpg,Clay soil
img_9d5837d4.jpg,Clay soil
img_55926609.jpg,Clay soil
img_60fbf599.jpeg,Clay soil
img_46a6b157.jpg,Clay soil
img_3ea987af.jpg,Clay soil
img_6d1bddbc.jpg,Clay soil
img_507b37ef.jpeg,Clay soil
img_dc8d7899.jpg,Clay soil
img_0ea38946.jpg,Clay soil
img_d6fa975d.jpg,Clay soil
img_a111efc3.jpg,Clay soil
img_dd942bc6.jpg,Clay soil
img_ff0eedfd.jpg,Clay soil
img_31819332.jpg,Clay soil
img_443ccc42.jpg,Clay soil
img_27b917f5.jpg,Clay soil
img_ca6f05c3.jpg,Clay soil
img_03ca3712.jpg,Clay soil
img_bf27dd53.jpg,Clay soil
img_54df0de6.jpg,Clay soil
img_1f6a3d8a.jpg,Clay soil
img_e4e6170a.jpg,Clay soil
img_17412b79.jpg,Clay soil
img_569fba0e.jpg,Clay soil
img_44d93f83.jpg,Clay soil
img_9d2bd514.jpg,Clay soil
img_d8869250.jpeg,Clay soil
img_c5ad9a8f.jpg,Clay soil
img_5d65eae8.jpg,Clay soil
img_88440142.jpg,Clay soil
img_7db62ecc.jpg,Clay soil
img_9f66b3e4.jpg,Clay soil
img_d0f08153.jpg,Clay soil
img_89fc458f.jpg,Clay soil
img_0a902114.jpg,Clay soil
img_6893e395.jpg,Clay soil
img_6fa5e277.jpg,Clay soil
img_415bdcec.jpg,Clay soil
img_7c647425.jpg,Clay soil
img_ab6e0a7e.jpg,Clay soil
img_c0060941.jpg,Clay soil
img_3eb406a2.jpg,Clay soil
img_9def4455.jpg,Clay soil
img_a2af3a74.jpg,Clay soil
img_36294829.jpg,Clay soil
img_706d78d6.jpeg,Clay soil
img_9c977861.jpg,Clay soil
img_e1ecdc0e.jpg,Clay soil
img_0b41b968.jpeg,Clay soil
img_307f1823.jpg,Clay soil
img_39b6816e.jpg,Clay soil
img_d68f51b4.jpg,Clay soil
img_b95fa763.jpg,Clay soil
img_693a7112.jpg,Clay soil
img_5a18f044.jpg,Red soil
img_e3b0d079.jpg,Red soil
img_51068105.jpg,Red soil
img_3f756e94.jpg,Red soil
img_436215b8.jpg,Red soil
img_152f1966.jpg,Red soil
img_e3c85be7.jpeg,Red soil
img_45ab4482.jpeg,Red soil
img_128ef878.jpg,Red soil
img_51bd5279.jpg,Red soil
img_636f4106.jpg,Red soil
img_96a61f02.jpg,Red soil
img_6921193a.jpg,Red soil
img_b7b170f2.jpg,Red soil
img_b46efa76.png,Red soil
img_024ea25f.jpg,Red soil
img_32af671f.jpg,Red soil
img_35e442a1.jpg,Red soil
img_49c0630d.jpg,Red soil
img_1a2d0698.jpg,Red soil
img_e9e63c72.jpg,Red soil
img_4848cf60.jpg,Red soil
img_f038fdda.jpg,Red soil
img_13c93e22.jpg,Red soil
img_f05dc6cf.jpg,Red soil
img_2e644c21.jpg,Red soil
img_0fec5fba.jpeg,Red soil
img_50ad69e9.jpeg,Red soil
img_7e738188.jpeg,Red soil
img_8a7f4621.jpg,Red soil
img_fb9f79da.jpeg,Red soil
img_350ccac1.jpg,Red soil
img_5761c132.jpg,Red soil
img_70595be2.jpg,Red soil
img_fda8384c.jpg,Red soil
img_5ccacb4f.jpg,Red soil
img_d29aeb29.jpg,Red soil
img_d181524e.jpg,Red soil
img_a097c846.jpg,Red soil
img_c32a1d00.jpg,Red soil
img_792745ef.jpg,Red soil
img_06ab1c0e.jpg,Red soil
img_76d91692.jpg,Red soil
img_a72ce459.jpeg,Red soil
img_b750a320.jpg,Red soil
img_57392c99.jpg,Red soil
img_0d668b20.jpg,Red soil
img_7d3ed674.jpeg,Red soil
img_208a80b9.jpg,Red soil
img_370b1935.jpeg,Red soil
img_539d7036.jpg,Red soil
img_3e7fbf3e.jpg,Red soil
img_24963541.jpg,Red soil
img_3fc6512e.jpg,Red soil
img_bab81648.jpg,Red soil
img_e80e4a93.jpg,Red soil
img_897aca78.jpg,Red soil
img_b0e2337e.jpg,Red soil
img_918d9834.jpeg,Red soil
img_d0e3e1ea.jpeg,Red soil
img_42d95853.jpg,Red soil
img_98c3df80.jpg,Red soil
img_e55247f8.jpg,Red soil
img_d0928f50.jpg,Red soil
img_23b4e7af.jpg,Red soil
img_9e3250d2.jpeg,Red soil
img_06d78681.jpg,Red soil
img_42ac59dd.jpg,Red soil
img_b4926e63.jpg,Red soil
img_5e70c4c2.jpg,Red soil
img_00e908a5.jpg,Red soil
img_febe3434.jpeg,Red soil
img_dd3432a4.jpeg,Red soil
img_e066121a.jpg,Red soil
img_a5782cb4.jpg,Red soil
img_68d5cdd3.jpg,Red soil
img_673a7708.jpg,Red soil
img_ed9ba5bd.gif,Red soil
img_916171f6.jpg,Red soil
img_72e83a3d.jpg,Red soil
img_dadc424f.jpg,Red soil
img_dce4e494.jpg,Red soil
img_00317510.jpg,Red soil
img_4effbb6a.jpg,Red soil
img_a7461300.jpg,Red soil
img_15cfde43.jpg,Red soil
img_6e600345.jpg,Red soil
img_af9a4101.jpg,Red soil
img_abc915c6.jpg,Red soil
img_0ba66119.jpg,Red soil
img_923fc79a.gif,Red soil
img_a16b5bc2.jpg,Red soil
img_997b9eb9.jpg,Red soil
img_bf9d2634.jpg,Red soil
img_43619511.jpg,Red soil
img_76db3f97.jpg,Red soil
img_5c393ded.jpg,Red soil
img_a5500074.jpg,Red soil
img_089078de.jpg,Red soil
img_959a3370.jpg,Red soil
img_825a6182.jpeg,Red soil
img_493ab595.jpeg,Red soil
img_d1f26fb7.jpg,Red soil
img_a37a0f96.jpeg,Red soil
img_6da6e878.jpg,Red soil
img_79703d2e.jpg,Red soil
img_d1c3d91d.jpg,Red soil
img_8f30eecd.jpg,Red soil
img_09ce57b8.jpg,Red soil
img_ed12bf66.jpg,Red soil
img_873bbb2d.jpg,Red soil
img_11084c35.jpg,Red soil
img_285c838d.jpg,Red soil
img_ba0e5f98.jpg,Red soil
img_08b35dff.jpg,Red soil
img_05974030.jpg,Red soil
img_7e10631e.jpg,Red soil
img_36962a7f.jpeg,Red soil
img_97d84f5a.jpg,Red soil
img_256b079a.jpg,Red soil
img_7e09c6e4.jpg,Red soil
img_a7aa1ecd.jpg,Red soil
img_224644d2.jpg,Red soil
img_7d3202be.jpg,Red soil
img_bd5b91f1.jpg,Red soil
img_4dedd121.jpeg,Red soil
img_5bdc4a4c.jpg,Red soil
img_0a713555.jpg,Red soil
img_b49f4e87.jpg,Red soil
img_c3bf2c64.jpg,Red soil
img_bfab6d8d.jpg,Red soil
img_c4cd0da3.jpg,Red soil
img_c4ae04c7.jpg,Red soil
img_5737b4df.jpg,Red soil
img_a3df6aa4.jpeg,Red soil
img_0754f6a8.jpg,Red soil
img_5b780d43.jpg,Red soil
img_dfac6d9d.jpg,Red soil
img_4df133fb.jpg,Red soil
img_067f330a.jpg,Red soil
img_8a2801a1.jpg,Red soil
img_f20a2322.jpeg,Red soil
img_adaa2c0c.jpg,Red soil
img_d9cab8b9.jpg,Red soil
img_3309bdaa.jpg,Red soil
img_d0fa4e22.jpg,Red soil
img_996307f8.jpg,Red soil
img_8e60c4df.jpg,Red soil
img_0670e957.jpg,Red soil
img_844fd3cd.jpg,Red soil
img_776ad645.jpg,Red soil
img_077d7851.jpg,Red soil
img_c7ba2a67.jpg,Red soil
img_1bb5bc8d.jpg,Red soil
img_8fdd42ae.jpg,Red soil
img_b6b8d521.jpg,Red soil
img_266e67b9.jpg,Red soil
img_db3ab2be.jpg,Red soil
img_2e289d18.jpg,Red soil
img_1753e907.jpg,Red soil
img_73824ae9.jpg,Red soil
img_baffdf14.jpg,Red soil
img_7f8f673c.jpg,Red soil
img_b1ea09fd.jpeg,Red soil
img_18775cef.jpg,Red soil
img_4b5b36f1.jpg,Red soil
img_6cf7c744.jpg,Red soil
img_19136b12.jpg,Red soil
img_4b62f891.jpeg,Red soil
img_10b71234.jpeg,Red soil
img_59f91867.jpg,Red soil
img_7003c0b9.jpg,Red soil
img_1a71c549.jpg,Red soil
img_68f6b58f.jpg,Red soil
img_db5f2735.jpg,Red soil
img_8c26747a.jpg,Red soil
img_176bb40b.jpeg,Red soil
img_2aea6d55.jpg,Red soil
img_60ad3397.jpeg,Red soil
img_6eea37a6.jpg,Red soil
img_79b7f773.jpg,Red soil
img_fbe6b18e.jpeg,Red soil
img_1d31249e.jpg,Red soil
img_5d35ed5c.jpeg,Red soil
img_83d433d2.jpg,Red soil
img_20bc95fc.jpeg,Red soil
img_7b328b0b.jpg,Red soil
img_805d4f60.jpg,Red soil
img_d3fca5b8.jpg,Red soil
img_30fe53bd.jpg,Red soil
img_6f9b6311.jpg,Red soil
img_796b7352.jpg,Red soil
img_bdc13a37.jpg,Red soil
img_94db428a.jpg,Red soil
img_821a6521.jpg,Red soil
img_59e407a6.jpg,Red soil
img_de1344ee.jpeg,Red soil
img_2ef2634d.jpg,Red soil
img_f1880ddb.jpg,Red soil
img_e2c3a003.jpg,Red soil
img_bf8fc5b4.jpg,Red soil
img_f753b908.jpg,Red soil
img_138efd41.jpg,Red soil
img_42f05656.jpg,Red soil
img_3bddd7f6.jpg,Red soil
img_9f91569c.jpg,Red soil
img_31be5bb1.jpg,Red soil
img_b78335df.jpg,Red soil
img_4f038176.jpg,Red soil
img_7c75f0bd.jpg,Red soil
img_306f6b2d.jpg,Red soil
img_55465bce.jpg,Red soil
img_726662f1.jpg,Red soil
img_8faab348.jpg,Red soil
img_6fc51185.jpg,Red soil
img_01a18016.jpg,Red soil
img_6e1ef36a.jpg,Red soil
img_c46adea7.jpg,Red soil
img_a2758805.jpg,Red soil
img_29d43056.jpg,Red soil
img_a8772b9c.jpg,Red soil
img_19d66b0d.jpeg,Red soil
img_bdcacdbc.jpg,Red soil
img_6a915872.jpg,Red soil
img_3050f4cb.png,Red soil
img_b97e9656.jpg,Red soil
img_94728e96.jpeg,Red soil
img_d4e89075.jpg,Red soil
img_5c79971c.jpg,Red soil
img_1c02817b.jpg,Red soil
img_e69fd8a4.jpg,Red soil
img_05119844.jpeg,Red soil
img_625aecac.jpg,Red soil
img_39dc2dd7.jpg,Red soil
img_8c6e737c.jpeg,Red soil
img_99dd0c1f.jpg,Red soil
img_1dc5fb41.jpeg,Red soil
img_3d782e64.jpg,Red soil
img_8199b113.jpg,Red soil
img_d5a3ee11.jpg,Red soil
img_21a7ddef.jpg,Red soil
img_55309ad0.jpg,Red soil
img_1344a0e5.jpg,Red soil
img_3070c3aa.jpg,Red soil
img_51396f76.jpg,Red soil
img_3d325c6c.jpg,Red soil
img_c6762c77.jpg,Red soil
img_4573e922.jpg,Red soil
img_ba9bc119.jpeg,Red soil
img_d9f42d31.jpg,Red soil
img_51a0d61e.jpg,Red soil
img_bb085983.jpg,Red soil
img_bfc65b55.jpg,Red soil
img_6d7d0ead.jpeg,Red soil
img_67ab30d6.jpg,Red soil
img_1cbd9390.jpg,Red soil
img_9c9f6951.jpg,Red soil
img_f384950a.jpg,Red soil
img_c568e2eb.jpg,Red soil
img_595e0099.jpeg,Red soil
img_ddc7af4a.jpg,Red soil
img_75003cfe.jpg,Red soil
img_5b0895e5.jpg,Red soil
img_09bc2967.jpg,Red soil
img_62bbb98a.jpg,Black Soil
img_cc19756b.jpg,Black Soil
img_4d5e311d.jpg,Black Soil
img_acabb5e2.jpg,Black Soil
img_fa948070.jpg,Black Soil
img_563bdadd.jpg,Black Soil
img_367576ba.jpg,Black Soil
img_58262d58.jpg,Black Soil
img_e2e8afd0.webp,Black Soil
img_ca18cfdb.jpg,Black Soil
img_245af7de.jpg,Black Soil
img_35338fa8.jpg,Black Soil
img_d983c6ac.jpg,Black Soil
img_bac85723.jpg,Black Soil
img_e10e51b5.jpg,Black Soil
img_180e48db.jpg,Black Soil
img_009a3c89.jpg,Black Soil
img_305b70cc.jpg,Black Soil
img_5735309e.jpg,Black Soil
img_6960350c.jpg,Black Soil
img_9da049f9.jpg,Black Soil
img_5afb2c7d.jpg,Black Soil
img_67d5dcf4.jpg,Black Soil
img_70678257.jpg,Black Soil
img_6ac5743c.jpg,Black Soil
img_9f047706.jpg,Black Soil
img_efb8050c.jpg,Black Soil
img_f134b5b9.jpg,Black Soil
img_e083693d.jpg,Black Soil
img_19025400.jpg,Black Soil
img_3e2e19c6.jpg,Black Soil
img_610fe3aa.jpg,Black Soil
img_779c3955.jpg,Black Soil
img_efe7b78d.jpg,Black Soil
img_cbbe7dff.jpg,Black Soil
img_91fb6d54.jpg,Black Soil
img_f9b0b4a7.jpg,Black Soil
img_cdf7362c.jpg,Black Soil
img_0a7ef3bc.jpg,Black Soil
img_abfcb305.jpg,Black Soil
img_f278cecf.jpg,Black Soil
img_7301b67e.jpg,Black Soil
img_6b9be8ee.jpg,Black Soil
img_2d5911bd.webp,Black Soil
img_dc741535.jpg,Black Soil
img_a8a5a884.jpg,Black Soil
img_90de7230.jpg,Black Soil
img_ec24c9bf.jpg,Black Soil
img_a9c60074.jpg,Black Soil
img_3fcd02e7.jpg,Black Soil
img_e48dfef4.jpg,Black Soil
img_8f661b0d.jpg,Black Soil
img_10cb5609.jpg,Black Soil
img_eb4e7a07.jpg,Black Soil
img_5b436b84.jpg,Black Soil
img_22b8d948.jpg,Black Soil
img_fbc9cf4d.jpg,Black Soil
img_6deca21d.jpg,Black Soil
img_f46444e1.jpg,Black Soil
img_85df987f.jpg,Black Soil
img_f65ccfef.jpg,Black Soil
img_a61166e5.jpg,Black Soil
img_7683f67b.jpg,Black Soil
img_fc54e196.jpg,Black Soil
img_6b19ba7e.jpg,Black Soil
img_1b1eb19b.jpg,Black Soil
img_856ab8d7.jpg,Black Soil
img_0e0fe7f7.jpg,Black Soil
img_e4370fcb.jpg,Black Soil
img_38bfe1db.jpg,Black Soil
img_9f742a11.jpg,Black Soil
img_802604ec.jpg,Black Soil
img_0efd779d.jpg,Black Soil
img_9e0912d3.jpg,Black Soil
img_4e2116c7.jpg,Black Soil
img_3d251deb.jpg,Black Soil
img_d64a9cfe.jpg,Black Soil
img_fcc4f2eb.jpg,Black Soil
img_76cadce6.jpg,Black Soil
img_e1e1006a.jpg,Black Soil
img_4e5d044b.jpg,Black Soil
img_32c0e35b.jpg,Black Soil
img_d4bd06a6.jpg,Black Soil
img_799307e7.jpg,Black Soil
img_a663fd4c.jpg,Black Soil
img_9c547df0.jpg,Black Soil
img_d246b5d3.jpg,Black Soil
img_725a6617.jpg,Black Soil
img_b7142d59.jpg,Black Soil
img_748e13a0.jpg,Black Soil
img_58806628.jpg,Black Soil
img_66485808.jpg,Black Soil
img_72eda716.jpg,Black Soil
img_2a20ef84.jpg,Black Soil
img_0b36eb63.jpg,Black Soil
img_e608d0fc.jpg,Black Soil
img_20fad851.jpg,Black Soil
img_c84eed10.jpg,Black Soil
img_e15cf9ad.webp,Black Soil
img_ff3635a0.jpg,Black Soil
img_70306282.jpg,Black Soil
img_b7277733.jpg,Black Soil
img_05c2d859.jpg,Black Soil
img_64a67147.jpg,Black Soil
img_a9b71c68.jpg,Black Soil
img_a6146dfc.jpg,Black Soil
img_56721f10.jpg,Black Soil
img_8abdb9f7.jpg,Black Soil
img_949b9459.jpg,Black Soil
img_6d01dd31.jpg,Black Soil
img_eaf611d1.jpg,Black Soil
img_3b5c3aa6.jpg,Black Soil
img_13898feb.jpg,Black Soil
img_2f0796ae.jpg,Black Soil
img_22b9080b.jpg,Black Soil
img_4021b6aa.jpg,Black Soil
img_3319b5ff.jpg,Black Soil
img_b70e92e2.jpg,Black Soil
img_38294df5.jpg,Black Soil
img_ca2762af.jpg,Black Soil
img_818105eb.jpg,Black Soil
img_ae67e4d3.jpg,Black Soil
img_a126a16b.jpg,Black Soil
img_3f3f7d69.jpg,Black Soil
img_d5d656e1.jpg,Black Soil
img_5f8c00b4.jpg,Black Soil
img_06fa6cf1.jpg,Black Soil
img_83dbd6d9.jpg,Black Soil
img_a8843123.jpg,Black Soil
img_88c9d29a.jpg,Black Soil
img_b326fb12.jpg,Black Soil
img_133bbfb9.jpg,Black Soil
img_1fdde539.jpg,Black Soil
img_c6daceec.jpg,Black Soil
img_594ce9fa.jpg,Black Soil
img_8116a600.jpg,Black Soil
img_00e487ce.jpg,Black Soil
img_af7f1c58.jpg,Black Soil
img_dd86fa78.jpg,Black Soil
img_6ead6183.jpg,Black Soil
img_1ef0f270.jpg,Black Soil
img_edf3cd0d.jpg,Black Soil
img_4f3cc96c.jpg,Black Soil
img_53880881.jpg,Black Soil
img_e062a25a.jpg,Black Soil
img_a0e474ad.jpg,Black Soil
img_39f213c3.jpg,Black Soil
img_d1813091.jpg,Black Soil
img_46917feb.jpg,Black Soil
img_e0c47e2d.jpg,Black Soil
img_080bf6f6.jpg,Black Soil
img_dc7fc32c.jpg,Black Soil
img_2428832c.jpg,Black Soil
img_95fb848f.jpeg,Black Soil
img_7805329e.jpg,Black Soil
img_a60981be.jpg,Black Soil
img_15eea05e.jpg,Black Soil
img_79fd1683.jpg,Black Soil
img_992c940d.jpg,Black Soil
img_5a88acf2.jpg,Black Soil
img_58f41e29.jpg,Black Soil
img_aae616b9.jpg,Black Soil
img_9586696e.jpg,Black Soil
img_c746f9bd.jpg,Black Soil
img_5e17431c.jpg,Black Soil
img_d6fc641a.jpg,Black Soil
img_d0d90e10.jpg,Black Soil
img_3bc42b6e.jpg,Black Soil
img_115cbef7.jpg,Black Soil
img_5398f782.jpg,Black Soil
img_d91bd421.jpg,Black Soil
img_562933f5.jpg,Black Soil
img_95a6315b.jpg,Black Soil
img_5526a41f.jpg,Black Soil
img_f0419242.jpg,Black Soil
img_6a66a730.jpg,Black Soil
img_c26c3dc0.jpg,Black Soil
img_ccf99548.jpg,Black Soil
img_0d5fd034.jpg,Black Soil
img_6fce4b6c.jpg,Black Soil
img_61f54356.jpg,Black Soil
img_337839f0.jpg,Black Soil
img_c55ab208.jpg,Black Soil
img_b03bcbda.jpg,Black Soil
img_b8f6e297.jpg,Black Soil
img_4f6a37cb.jpg,Black Soil
img_5f93b4f5.jpg,Black Soil
img_ea0cb0dc.jpg,Black Soil
img_3dacae65.jpg,Black Soil
img_45b37146.jpg,Black Soil
img_d09e780e.jpg,Black Soil
img_9844c169.jpg,Black Soil
img_da2dd903.jpg,Black Soil
img_89a48db3.jpg,Black Soil
img_5ae32f56.jpg,Black Soil
img_79ade200.jpg,Black Soil
img_dcac20e5.jpeg,Black Soil
img_14c00744.jpg,Black Soil
img_f491248f.jpg,Black Soil
img_15966040.jpg,Black Soil
img_d3891c5e.jpg,Black Soil
img_8cb88ad5.jpg,Black Soil
img_5dcd9706.jpg,Black Soil
img_768ba5f0.jpg,Black Soil
img_434789c6.jpg,Black Soil
img_91fb0691.jpg,Black Soil
img_d1d47d55.jpg,Black Soil
img_a9ac3969.jpg,Black Soil
img_eaf26f75.jpg,Black Soil
img_11c0f907.jpg,Black Soil
img_fd3d42d8.jpg,Black Soil
img_080614e6.jpg,Black Soil
img_a45d3707.jpg,Black Soil
img_e309777f.jpg,Black Soil
img_3b214381.jpeg,Black Soil
img_38e387e6.jpg,Black Soil
img_1528fd3d.jpg,Black Soil
img_af68a2f7.jpg,Black Soil
img_b20517e3.jpg,Black Soil
img_e6ebb3fb.jpg,Black Soil
img_527f28f7.jpg,Black Soil
img_624ba670.jpg,Black Soil
img_ae4f0d52.jpg,Black Soil
img_cac78a29.jpg,Black Soil
img_2be9a315.jpg,Black Soil
img_6e5fc340.jpg,Black Soil
img_9ae546bd.jpg,Black Soil
img_6e0b1b7c.jpg,Black Soil
img_5c4372f8.jpg,Black Soil
img_6f5bf9d2.jpg,Black Soil
img_c14dbbd0.jpg,Black Soil
